{
  "id": "2263038",
  "name": "free_go",
  "font_family": "iconfont",
  "css_prefix_text": "icon-",
  "description": "",
  "glyphs": [
    {
      "icon_id": "1727269",
      "name": "06商品",
      "font_class": "shangpin",
      "unicode": "e888",
      "unicode_decimal": 59528
    },
    {
      "icon_id": "1727362",
      "name": "25单据",
      "font_class": "danju",
      "unicode": "e89b",
      "unicode_decimal": 59547
    },
    {
      "icon_id": "1727422",
      "name": "205设置",
      "font_class": "shezhi",
      "unicode": "e8b8",
      "unicode_decimal": 59576
    },
    {
      "icon_id": "1727460",
      "name": "226角色、群体",
      "font_class": "jiaosequnti",
      "unicode": "e8c9",
      "unicode_decimal": 59593
    },
    {
      "icon_id": "1727589",
      "name": "406报表",
      "font_class": "baobiao",
      "unicode": "e902",
      "unicode_decimal": 59650
    },
    {
      "icon_id": "77039",
      "name": "我",
      "font_class": "wo",
      "unicode": "e600",
      "unicode_decimal": 58880
    },
    {
      "icon_id": "77190",
      "name": "密码",
      "font_class": "mima",
      "unicode": "e601",
      "unicode_decimal": 58881
    }
  ]
}
